Name ,specialization,contact_number,doctor_id,hospital_id
Matthew Smith,Dentist,9597181949,D0001,h01
Samantha Davies,Neurologist,8129759479,D0002,h02
Tiffany Mitchell,Pathologist,6477240898,D0003,h03
Kevin Wells,Neurologist,8539043440,D0004,h04
Kathleen Hanna,Family Physician,9296436905,D0005,h05
Taylor Newton,Urologist,6134106847,D0006,h06
Kelly Olson,Pathologist,9628465466,D0007,h07
Suzanne Thomas,Ophthalmologist,6290331664,D0008,h08
Daniel Ferguson,Pediatrician,8820748192,D0009,h09
Heather Day,Pathologist,7339373948,D0010,h10
John Duncan,Gastroenterologist,7493937434,D0011,h11
Douglas Mayo,Dentist,9256076625,D0012,h12
Kenneth Fletcher,Pediatrician,6074135451,D0013,h13
Theresa Freeman,General Surgeon,6735598341,D0014,h14
Roberta Stewart,Nephrologist,9585564813,D0015,h15
Maria Dougherty,Pathologist,7711474589,D0016,h16
Erica Spencer,Ophthalmologist,6296251816,D0017,h17
Justin Kim,ENT Specialist,7853817647,D0018,h18
Justin Moore Jr.,Dermatologist,6379497723,D0019,h19
Denise Galloway,Rheumatologist,7258215702,D0020,h20
Krista Smith,Nephrologist,9219255822,D0021,h21
Gregory Smith,Ophthalmologist,9490947515,D0022,h22
Vanessa Newton,Dermatologist,7555433210,D0023,h23
Donna Martinez MD,Endocrinologist,7035164811,D0024,h24
Stephanie Kramer,Pediatrician,8691134910,D0025,h25
Angela Contreras,Pediatrician,7626181619,D0026,h26
Wendy Glenn,Anesthesiologist,6252526482,D0027,h27
James Ellis,Dermatologist,8111385930,D0028,h28
Jared Bruce Jr.,Nephrologist,8238415936,D0029,h29
Brandy Mitchell,Pulmonologist,9433762699,D0030,h30
Jacob Huynh,Radiologist,6336089748,D0031,h31
Kristina Frazier,Pathologist,6110067889,D0032,h32
John Hartman,Nephrologist,6125750921,D0033,h33
Heather Garcia,Gynecologist,6670707153,D0034,h34
Lynn Young,Pulmonologist,6453669228,D0035,h35
Emma Allison,ENT Specialist,9672975721,D0036,h36
Laura Myers,Oncologist,8563756190,D0037,h37
Travis Parsons,Urologist,8902439961,D0038,h38
Christine Johnson,Neurologist,6802907009,D0039,h39
Emily Taylor,Infectious Disease Specialist,7433952026,D0040,h40
William Reynolds,Family Physician,9895661998,D0041,h41
Jennifer Carter,Neurologist,9133331312,D0042,h42
Matthew Thomas,Family Physician,8771822292,D0043,h43
Mary Logan,Infectious Disease Specialist,6129565779,D0044,h44
Kristin Martinez,Nephrologist,6589692900,D0045,h45
Daniel Murphy,Psychiatrist,9745675721,D0046,h46
Emily Patterson,Radiologist,8054441978,D0047,h47
Heather Smith,Hematologist,6255251445,D0048,h48
John Smith,Radiologist,8628599758,D0049,h49
Cameron Young,Nephrologist,8229727403,D0050,h50
Vicki Nguyen,General Surgeon,7107998858,D0051,h51
Mary Moss,Dermatologist,7288031101,D0052,h52
Alexander Garcia,Oncologist,7313189983,D0053,h53
Patrick Burns,Gynecologist,6628310757,D0054,h54
Kayla Powers,Cardiologist,6040047897,D0055,h55
Julia Cox,Pulmonologist,8263228928,D0056,h56
Penny Pruitt,Gastroenterologist,6326075298,D0057,h57
Mrs. Lori Hurst PhD,Orthopedic,9442498419,D0058,h58
Stephen Carr,Gynecologist,8319460635,D0059,h59
Jacob Daniel,Hematologist,6330213502,D0060,h60
Tyler Braun,Infectious Disease Specialist,9817701843,D0061,h61
Cindy Ellis,Psychiatrist,6970641290,D0062,h62
Megan Hahn,Pulmonologist,7509818373,D0063,h63
Eric Kelly,Oncologist,7290439868,D0064,h64
Jennifer Larson,Dermatologist,8676881639,D0065,h65
William Hess,Gynecologist,8330146442,D0066,h66
Patricia Dunn,Pediatrician,9044535299,D0067,h67
Jack Jackson,Neurologist,7613428275,D0068,h68
Jonathan Drake,Oncologist,8707789987,D0069,h69
Ian Benitez,Family Physician,9505412776,D0070,h70
Jamie Baker,Dermatologist,6579642004,D0071,h71
Erika Jackson,Cardiologist,9676500539,D0072,h72
Amanda Garcia,Orthopedic,8307942167,D0073,h73
Raven Wong,Radiologist,6107510865,D0074,h74
Cynthia Scott,Radiologist,6085901569,D0075,h75
Mark Padilla,Pathologist,7411571768,D0076,h76
Julie Ramirez,Gynecologist,7953862066,D0077,h77
Jacob Rich,ENT Specialist,9146311859,D0078,h78
Mark Hartman Jr.,Psychiatrist,6259613934,D0079,h79
Timothy Baker,Hematologist,8052419015,D0080,h80
Lori Sanchez,Radiologist,9395716881,D0081,h81
Connie Boyd,Dermatologist,8039756102,D0082,h82
James Tucker,ENT Specialist,7480107677,D0083,h83
Juan Acevedo,Orthopedic,7963710243,D0084,h84
Julie Finley,Anesthesiologist,8366605346,D0085,h85
Miguel Parker,Pediatrician,7786206434,D0086,h86
Jermaine Peters,Anesthesiologist,6280663885,D0087,h87
Lisa Edwards,Pathologist,9348180811,D0088,h88
Matthew Walker,Pulmonologist,7905571755,D0089,h89
Gregory Hansen,Infectious Disease Specialist,8425128507,D0090,h90
Jessica Cruz,Nephrologist,7787736075,D0091,h91
Robert Salazar,Gynecologist,6342654493,D0092,h92
Kyle Patterson,Anesthesiologist,8807463615,D0093,h93
John Summers,Gynecologist,9641235200,D0094,h94
Scott Grant,General Surgeon,7610119463,D0095,h95
David Ruiz,Hematologist,9420897933,D0096,h96
Kyle Smith,Gastroenterologist,9116646244,D0097,h97
Jason Price,Nephrologist,6078769637,D0098,h98
Stephanie Clements,Anesthesiologist,7690287202,D0099,h99
Steven James,Dentist,9850022940,D0100,h100
Jeremiah Wolf,Nephrologist,8197116130,D0101,h101
Roberto Petersen,Psychiatrist,6996264398,D0102,h102
Christina Hammond,Plastic Surgeon,6482057638,D0103,h103
Patricia Colon,Dentist,9483856838,D0104,h104
Dominic Mitchell,Endocrinologist,8028472091,D0105,h105
Wendy Davis,Anesthesiologist,8663964327,D0106,h106
Daniel Carson,Radiologist,8966314214,D0107,h107
Erin Henderson MD,Cardiologist,6739164301,D0108,h108
Christopher Butler,Gastroenterologist,9781684642,D0109,h109
Samuel Robles,Hematologist,7943386441,D0110,h110
Benjamin Webb,Gastroenterologist,7595450457,D0111,h111
Krystal Fox,Dentist,6133628008,D0112,h112
Bruce Garrett,ENT Specialist,9808850637,D0113,h113
Jonathan Watson,Pulmonologist,8812304507,D0114,h114
Christopher Guerra,Gastroenterologist,6747258688,D0115,h115
Steven Adams,Dentist,6118478794,D0116,h116
Victoria Patel,Anesthesiologist,6027758734,D0117,h117
Louis Bell,Orthopedic,6464016892,D0118,h118
Michael Baker,Plastic Surgeon,8419330029,D0119,h119
Douglas Fleming,Family Physician,8349141723,D0120,h120
Patrick Carter,Ophthalmologist,8769291425,D0121,h121
Sarah Shaffer,ENT Specialist,9599604405,D0122,h122
Matthew Carter,Radiologist,7093586199,D0123,h123
Brian Wagner,Gynecologist,9937230979,D0124,h124
Lucas Cole,Ophthalmologist,9376363294,D0125,h125
Julia Yoder,Endocrinologist,6508405961,D0126,h126
Crystal Chavez,Dermatologist,9533078186,D0127,h127
Brenda Lopez,Anesthesiologist,8771967758,D0128,h128
Michael Cole,Pathologist,8383045495,D0129,h129
Michael Larson,Plastic Surgeon,6852800156,D0130,h130
Tracey Spence,Hematologist,9311952441,D0131,h131
Susan Gibson,Infectious Disease Specialist,6590273999,D0132,h132
Gerald Hooper,Ophthalmologist,7109020431,D0133,h133
Todd Sanchez,Gastroenterologist,7943186696,D0134,h134
Elizabeth Morales,Dentist,8421122430,D0135,h135
Kimberly Petersen,Nephrologist,6359864084,D0136,h136
Misty Garcia,Family Physician,8377667709,D0137,h137
Melissa Fernandez,Anesthesiologist,9524487024,D0138,h138
Kari Moore,Orthopedic,6698267996,D0139,h139
David Hubbard,General Surgeon,8418698960,D0140,h140
Lonnie Morgan,Pathologist,9881252229,D0141,h141
Victoria Gonzales,Hematologist,6510052220,D0142,h142
Cindy White,Dentist,8076397192,D0143,h143
Douglas Li,Dermatologist,9629332406,D0144,h144
Lori Mendoza,Cardiologist,9393595857,D0145,h145
Ryan Ross,Nephrologist,7511454852,D0146,h146
Brian Walton,Pediatrician,6867530446,D0147,h147
Michael Berg,Pulmonologist,7764449671,D0148,h148
Scott Davis,Gastroenterologist,8211898456,D0149,h149
Daniel Shelton,Dentist,7935225411,D0150,h150
Tara Moreno,Ophthalmologist,8808454164,D0151,h151
Kristie Morgan,Neurologist,9825220334,D0152,h152
Joseph Jones,Neurologist,8502407022,D0153,h153
Maria Tran,Dermatologist,7226082883,D0154,h154
Kelly Murphy,Orthopedic,8870266943,D0155,h155
Katherine Brown,ENT Specialist,9770645489,D0156,h156
Elizabeth Frank,Gastroenterologist,9510997935,D0157,h157
Alyssa Edwards,Pediatrician,8959877009,D0158,h158
Jesse Thomas,Pulmonologist,7338083952,D0159,h159
Erica Mccormick,Pulmonologist,6133645588,D0160,h160
Amber Holmes,Pulmonologist,9259819112,D0161,h161
Austin Jackson,Gastroenterologist,9124203228,D0162,h162
Shane Morris,Psychiatrist,9001704016,D0163,h163
Brent Smith,Neurologist,8831241875,D0164,h164
Kayla Davis,Pathologist,9836663252,D0165,h165
Rose Zuniga,Gynecologist,6907108282,D0166,h166
Ethan Wagner,Family Physician,8067349009,D0167,h167
Phillip Williams,Plastic Surgeon,9651905302,D0168,h168
Maureen Hill,Psychiatrist,8882886607,D0169,h169
Heidi Compton MD,Dentist,8980536623,D0170,h170
Kimberly Gonzalez,Dermatologist,9242726559,D0171,h171
Rebecca Morgan,Psychiatrist,6437995762,D0172,h172
Sabrina Rogers,Gastroenterologist,7851775939,D0173,h173
Kevin Brown,Anesthesiologist,9156379042,D0174,h174
Sarah Cole,Dermatologist,6372094997,D0175,h175
Jennifer Hall,Dentist,7080346971,D0176,h176
Emily Cruz,Ophthalmologist,9691893375,D0177,h177
Michael Anderson,Oncologist,9047468918,D0178,h178
Natalie Sellers,Hematologist,7020077338,D0179,h179
Patrick Ochoa,Rheumatologist,8674365726,D0180,h180
Daniel Rodgers,Family Physician,9385312218,D0181,h181
Taylor Baldwin,Dermatologist,6573246381,D0182,h182
Adam Ross,Pulmonologist,6816060231,D0183,h183
Amy Williams,Nephrologist,8761305445,D0184,h184
Martha Graham,Pediatrician,9197216807,D0185,h185
Emily Thomas,Hematologist,6178877873,D0186,h186
Terrance Rosales,Rheumatologist,6881687047,D0187,h187
Daniel Smith,Ophthalmologist,9427820079,D0188,h188
Marissa Stevenson,Infectious Disease Specialist,8002041661,D0189,h189
Katie Fitzpatrick,Endocrinologist,6496263827,D0190,h190
Dennis Small,General Surgeon,6605283722,D0191,h191
Chris Holt,Plastic Surgeon,6359060774,D0192,h192
Jenny Griffith,Anesthesiologist,6171966364,D0193,h193
Gregory Lambert,Dentist,6518268833,D0194,h194
Michael Armstrong,Psychiatrist,9419272553,D0195,h195
Melissa Terry,Oncologist,7374732768,D0196,h196
Thomas Bruce,Gastroenterologist,7229437319,D0197,h197
James James DVM,Family Physician,8547324813,D0198,h198
Sean Smith,Rheumatologist,6449237725,D0199,h199
John Hansen,Dermatologist,8834395811,D0200,h200
Teresa Mccarthy,Infectious Disease Specialist,9997338329,D0201,h201
Stephanie Barnett,Pediatrician,9577506891,D0202,h202
Mr. Luke Nunez Jr.,Gastroenterologist,8820717608,D0203,h203
Stacy Stewart,Dentist,8802802757,D0204,h204
Andrea Oneal,Pulmonologist,9499570139,D0205,h205
Eric Coleman,Infectious Disease Specialist,7138458891,D0206,h206
Anthony Barnes,Pulmonologist,6040779320,D0207,h207
Michael Hickman,Psychiatrist,8017628386,D0208,h208
Dustin Wolf,Infectious Disease Specialist,8880705000,D0209,h209
Amanda Wells,Gastroenterologist,6084360453,D0210,h210
Jason Miller,Anesthesiologist,7872771005,D0211,h211
Holly James,Pulmonologist,7266566977,D0212,h212
April Cox,General Surgeon,9892044738,D0213,h213
Virginia Lynch,Rheumatologist,7043506100,D0214,h214
Patricia Fuller,Oncologist,9993322332,D0215,h215
Michelle Ward,Rheumatologist,7699936827,D0216,h216
Robin Adams,Urologist,7671098499,D0217,h217
Emily Morales,Ophthalmologist,9506641492,D0218,h218
Adriana Morrow,Dentist,8055546029,D0219,h219
Michael Mitchell,Oncologist,6763386327,D0220,h220
Caroline Choi,Plastic Surgeon,7567445139,D0221,h221
Michael Robinson,Anesthesiologist,7359471337,D0222,h222
Heather Miller,Cardiologist,6964320427,D0223,h223
Howard Obrien,Rheumatologist,9266666732,D0224,h224
Faith Cook,Pediatrician,8778661110,D0225,h225
Donna Colon,Dermatologist,7534290665,D0226,h226
David Lindsey,Psychiatrist,6173129848,D0227,h227
Anthony Nixon,Anesthesiologist,8145667426,D0228,h228
Doris Hawkins,Pediatrician,6537095797,D0229,h229
Caleb James,Rheumatologist,8883990002,D0230,h230
Patricia Moore,Psychiatrist,8848469425,D0231,h231
Matthew Gray,Pediatrician,8202927603,D0232,h232
Justin Lowe,Family Physician,8895171257,D0233,h233
Danny Mcdonald,Gynecologist,8167107707,D0234,h234
Gina Weaver,Pediatrician,8133216190,D0235,h235
Eddie Jackson,Pathologist,6515315649,D0236,h236
Miss Valerie Saunders MD,Dermatologist,8373841744,D0237,h237
Richard Petty,Gastroenterologist,9092293889,D0238,h238
Patricia Bean,Nephrologist,8637719750,D0239,h239
Ronald Jones,Radiologist,7783542963,D0240,h240
Jack Wall,Orthopedic,6922632240,D0241,h241
Felicia Morrison,Neurologist,7655591834,D0242,h242
Crystal Schultz,Ophthalmologist,8266270840,D0243,h243
Bailey Gonzalez,General Surgeon,6897976446,D0244,h244
Michael Guzman,Cardiologist,9449200859,D0245,h245
Elizabeth Flowers,Rheumatologist,9707554017,D0246,h246
Whitney Vaughan,Pathologist,6436230843,D0247,h247
Seth Nelson,Pediatrician,7244741072,D0248,h248
Erin Wright,Gynecologist,9961175407,D0249,h249
Jennifer Flores,Gynecologist,6146851139,D0250,h250
Brandi Knight,Plastic Surgeon,7144676359,D0251,h251
Chad Irwin,Oncologist,9462229678,D0252,h252
Victoria Williams,Gynecologist,8758637228,D0253,h253
Travis Walton,Dermatologist,7954940678,D0254,h254
Catherine Hernandez,Gastroenterologist,8294853894,D0255,h255
Kristen Johnson,Family Physician,9755153129,D0256,h256
Tammy Chavez,Rheumatologist,8013925889,D0257,h257
Savannah Colon,Orthopedic,8327470082,D0258,h258
Jessica Parks MD,Nephrologist,6196791671,D0259,h259
Joshua Singleton,Gastroenterologist,9164381631,D0260,h260
Vincent Ramirez,Infectious Disease Specialist,7663323098,D0261,h261
Natasha Smith,Pulmonologist,8004692968,D0262,h262
John Sparks,Plastic Surgeon,9913703648,D0263,h263
Michelle Gutierrez,Hematologist,8957365347,D0264,h264
Rachel Williams,ENT Specialist,6950045207,D0265,h265
Sergio Shelton,Plastic Surgeon,8311807855,D0266,h266
Mr. Michael White MD,Hematologist,6875177325,D0267,h267
Mary Drake,Orthopedic,7145354249,D0268,h268
Tonya Wade,Pathologist,9600370548,D0269,h269
Charles Torres,Endocrinologist,9334596803,D0270,h270
Jennifer Freeman,Rheumatologist,6287915187,D0271,h271
Reginald Becker,Plastic Surgeon,6633543638,D0272,h272
Charles Webb,Gastroenterologist,9731579973,D0273,h273
Emily Perez,Neurologist,9797076572,D0274,h274
Rachel Thomas,Nephrologist,9822143058,D0275,h275
Christopher Flores,Pulmonologist,7388252378,D0276,h276
Jennifer Stevenson,Pulmonologist,7204482205,D0277,h277
Matthew Garcia,Pulmonologist,7244320468,D0278,h278
Brett Meyer,General Surgeon,6772146907,D0279,h279
David Murphy,Pediatrician,9639730842,D0280,h280
Erin Henson,Hematologist,6831675226,D0281,h281
Katrina Fuentes,Oncologist,6911784920,D0282,h282
Harold Jackson,Dentist,6605372884,D0283,h283
Christopher Merritt,General Surgeon,7394143390,D0284,h284
Haley Kim,Pediatrician,9490338955,D0285,h285
Dr. Steven Johnson,Ophthalmologist,9907197368,D0286,h286
Erin Cole,Hematologist,9181411317,D0287,h287
Breanna Nielsen,Orthopedic,8202249822,D0288,h288
John Smith,Gynecologist,6299399582,D0289,h289
Frank Gonzalez,Rheumatologist,7136126380,D0290,h290
Matthew Williams,Endocrinologist,7980602830,D0291,h291
Jonathan Gray,Ophthalmologist,9235122879,D0292,h292
Timothy Rodriguez,Gastroenterologist,6124049439,D0293,h293
Victor Welch,Nephrologist,6181730175,D0294,h294
Robert Adams MD,Psychiatrist,9140136083,D0295,h295
Andrew Jefferson,General Surgeon,6055632255,D0296,h296
Sharon Hensley,Rheumatologist,6409168916,D0297,h297
Eugene Branch,Gynecologist,8314251811,D0298,h298
Anthony Greer,Endocrinologist,9540693553,D0299,h299
Bob Moyer,Orthopedic,8656720737,D0300,h300
Heather Shea,Neurologist,9188597685,D0301,h301
Nicholas Stevenson,Pulmonologist,7518555009,D0302,h302
Laura Guerra,Psychiatrist,9742286905,D0303,h303
Michele Bradford,Family Physician,7925848684,D0304,h304
Mr. Jesse Cook,Endocrinologist,8800389895,D0305,h305
Heather Simon,Pathologist,6227775137,D0306,h306
Larry Mendez,ENT Specialist,8036850714,D0307,h307
Taylor Smith,Infectious Disease Specialist,7681701919,D0308,h308
Ian Singleton,General Surgeon,6858695616,D0309,h309
Angela Burton,Infectious Disease Specialist,6039924918,D0310,h310
Lisa Payne,ENT Specialist,7548288463,D0311,h311
Sara Perry,Hematologist,7401928593,D0312,h312
Ann Brown,Pathologist,9778249769,D0313,h313
David Marshall,Neurologist,7004904148,D0314,h314
Shirley Dawson,Psychiatrist,9357893736,D0315,h315
Susan Hernandez,Pediatrician,6984756575,D0316,h316
Gina Edwards,Hematologist,6026157677,D0317,h317
Laura Howell,Nephrologist,9873939245,D0318,h318
Scott Beltran,Hematologist,9067253165,D0319,h319
William Campbell,Gynecologist,6764194361,D0320,h320
Ethan Brock,Pathologist,6004517673,D0321,h321
Nicholas Gomez,Urologist,8306688180,D0322,h322
Richard Buchanan,Oncologist,7789755148,D0323,h323
David Gonzalez,Pulmonologist,8516163280,D0324,h324
Kristin Schmitt,Pathologist,8386701504,D0325,h325
Kelly King,General Surgeon,9720429419,D0326,h326
Jeffery Morgan,Cardiologist,6160800839,D0327,h327
Patricia Fowler,Pathologist,6780390639,D0328,h328
David Patterson,Radiologist,6743798801,D0329,h329
Daisy Eaton,Nephrologist,9041502299,D0330,h330
Benjamin Bryant,Family Physician,7783218495,D0331,h331
Cynthia Velazquez,Pediatrician,9080950755,D0332,h332
William Brock,Gastroenterologist,8168951696,D0333,h333
Douglas Lambert,Orthopedic,9085826084,D0334,h334
Alex Mcknight,Orthopedic,7025725708,D0335,h335
Gregory Fox,ENT Specialist,7481445587,D0336,h336
Carrie Navarro,Plastic Surgeon,9830432105,D0337,h337
Laura Murillo,Pediatrician,9379505668,D0338,h338
Alyssa Walsh,Dermatologist,9829766706,D0339,h339
Jeff Barton,Cardiologist,9641179734,D0340,h340
Ricky Anderson,Gynecologist,8689104692,D0341,h341
John Hurst,Radiologist,6947731465,D0342,h342
Cristina Wyatt,Hematologist,9220496285,D0343,h343
Christina Fowler,Pulmonologist,9891871170,D0344,h344
Gary Barr,Family Physician,6411417342,D0345,h345
Frederick Whitney,Family Physician,7396340919,D0346,h346
Mary Miller,Family Physician,6424923446,D0347,h347
Evan Lewis,Rheumatologist,8565325892,D0348,h348
Adrienne Howard,ENT Specialist,9700065782,D0349,h349
Daniel Jones,Neurologist,9404721885,D0350,h350
Craig Wolfe,Urologist,7195112381,D0351,h351
Tina Griffin,Gastroenterologist,8623457004,D0352,h352
John Hansen,Oncologist,7989055027,D0353,h353
Trevor Evans,Dermatologist,9613669824,D0354,h354
Mark Johnson,Oncologist,7221905582,D0355,h355
James Hays,Dentist,7990212787,D0356,h356
Nicholas Ferguson,Hematologist,6510597060,D0357,h357
Mr. Jeffrey Powell,Pathologist,6186275484,D0358,h358
Timothy Carter,Oncologist,7114257470,D0359,h359
Jennifer Gonzales,Infectious Disease Specialist,9584365227,D0360,h360
Leonard Chen,Pathologist,9627064753,D0361,h361
Margaret Ramos,Rheumatologist,6101040555,D0362,h362
Joy Davis,Gynecologist,7718065073,D0363,h363
Mary Mckee,Radiologist,7178417649,D0364,h364
John Evans,Dermatologist,9742008431,D0365,h365
Benjamin Payne,Gastroenterologist,9506515931,D0366,h366
Jeanne Allen,Endocrinologist,9741800080,D0367,h367
Kelly Jackson,Family Physician,6921730845,D0368,h368
Michael Barber,Endocrinologist,6244526922,D0369,h369
Steven Clark,Pathologist,7774940995,D0370,h370
Amy Bailey,Nephrologist,6489368765,D0371,h371
Cody Houston,Infectious Disease Specialist,8265185245,D0372,h372
Gregory Nichols,ENT Specialist,6309807470,D0373,h373
Christopher Odom,Anesthesiologist,8213367573,D0374,h374
Raymond Bell,General Surgeon,7670262005,D0375,h375
Autumn Fitzgerald,ENT Specialist,6183719332,D0376,h376
James Armstrong,Dentist,9010128695,D0377,h377
Darius Schaefer,Family Physician,8153879460,D0378,h378
Katherine Dunn,Infectious Disease Specialist,9302261631,D0379,h379
Katherine Flynn,Urologist,9494496246,D0380,h380
Julian Perkins,Hematologist,8036099945,D0381,h381
Holly Taylor,Dentist,6117698799,D0382,h382
Mark King,Oncologist,8378273314,D0383,h383
Shelby Johnson,ENT Specialist,9968756110,D0384,h384
Angela Logan MD,Gynecologist,7200164109,D0385,h385
Gloria Schultz,Gynecologist,8237748768,D0386,h386
Victor Morales,Neurologist,6087637583,D0387,h387
Nancy Vaughn,Pediatrician,9013448387,D0388,h388
Christopher Rivera,Nephrologist,6311778618,D0389,h389
Brittany Rocha,Nephrologist,9479595713,D0390,h390
Patricia Hall,Plastic Surgeon,9053329734,D0391,h391
Christopher Hudson,Oncologist,8264774476,D0392,h392
Walter Perez,Orthopedic,8846851669,D0393,h393
Jonathan Chang,ENT Specialist,7371695764,D0394,h394
Maria Ritter,Endocrinologist,9563535647,D0395,h395
Elizabeth Snyder,Plastic Surgeon,7195202850,D0396,h396
Dennis Harris,Hematologist,7244418475,D0397,h397
Caroline Fields,Dermatologist,8600417323,D0398,h398
Joseph Rivera,Endocrinologist,7117683419,D0399,h399
Charles Reynolds,Rheumatologist,9601351891,D0400,h400
Patricia Valentine,Hematologist,7944325159,D0401,h401
Angela Reed,Oncologist,7720501987,D0402,h402
Doris Johnson,Pulmonologist,8382825240,D0403,h403
Devin Pratt,Orthopedic,9745860857,D0404,h404
Angela Allison,Hematologist,8683722728,D0405,h405
Phyllis Nguyen,Family Physician,7605532122,D0406,h406
Melissa Mendoza,Neurologist,7774601385,D0407,h407
Christopher Bates,Dermatologist,9710026236,D0408,h408
April Cummings,Endocrinologist,7094642511,D0409,h409
Andrew Hill,Gynecologist,8907201783,D0410,h410
Susan Sampson,Gastroenterologist,7958511813,D0411,h411
Darren Becker,Hematologist,7873772212,D0412,h412
Lee Santiago,Hematologist,9001097689,D0413,h413
Holly Walton,Psychiatrist,6338016835,D0414,h414
Craig Howard,Gynecologist,9571572324,D0415,h415
Diane Riley,Orthopedic,7607492477,D0416,h416
John Schroeder,Pathologist,8561465884,D0417,h417
Mark Watson,Cardiologist,9705558085,D0418,h418
Diane Griffin,ENT Specialist,7025516031,D0419,h419
Kenneth Mcintosh,ENT Specialist,8785909573,D0420,h420
Victoria Hernandez,Radiologist,9209785853,D0421,h421
David Zavala,Infectious Disease Specialist,6834365381,D0422,h422
Frederick Fields,Ophthalmologist,7222832047,D0423,h423
Michael Nguyen,Oncologist,6203821197,D0424,h424
Casey Fowler,Dentist,9424510698,D0425,h425
Michael Miller,Pathologist,6048311693,D0426,h426
Kaylee Hampton,Psychiatrist,9128007428,D0427,h427
Amber Gordon,Hematologist,7517598570,D0428,h428
Colleen Meyers,Endocrinologist,7464741409,D0429,h429
Eileen Hernandez,Infectious Disease Specialist,9389761231,D0430,h430
Carrie Wright,Cardiologist,9560918653,D0431,h431
Jeffrey Schmidt,Endocrinologist,8153848486,D0432,h432
Jaime Bell,Psychiatrist,7432810733,D0433,h433
Brian Cooper,Plastic Surgeon,7585580591,D0434,h434
Anthony Graves,Gynecologist,6581618256,D0435,h435
Traci White MD,General Surgeon,9561586965,D0436,h436
Eric Lutz,Plastic Surgeon,6913111879,D0437,h437
Brenda Hill,Anesthesiologist,7803145685,D0438,h438
Peter Brown,Urologist,9343842295,D0439,h439
Benjamin Banks,Dermatologist,6212021936,D0440,h440
Natalie Perez,Pediatrician,8609092647,D0441,h441
Erica Williams,General Surgeon,7053943740,D0442,h442
Jasmine Webb,Ophthalmologist,8848837292,D0443,h443
David Cabrera,Urologist,9004103143,D0444,h444
Julie Gonzales,Rheumatologist,7670991370,D0445,h445
Julia Campbell,Pathologist,7351877858,D0446,h446
Zachary Robinson,Plastic Surgeon,9985450769,D0447,h447
Christine Smith,Psychiatrist,8151053637,D0448,h448
Barbara Burgess,Family Physician,8745439504,D0449,h449
Malik Goodwin,Dermatologist,6209828824,D0450,h450
Diana Shaw,Cardiologist,8444051578,D0451,h451
Michael Mason,Urologist,8257285796,D0452,h452
Alexis Bradford,Pulmonologist,7472056181,D0453,h453
Jasmine Parker,Psychiatrist,6123030921,D0454,h454
Christina Lopez,Urologist,8988766259,D0455,h455
Richard Franco,Pediatrician,8554833790,D0456,h456
Marc Reid,Family Physician,8755281232,D0457,h457
Ryan Simmons,Plastic Surgeon,6443025220,D0458,h458
Clinton Sanchez,Anesthesiologist,6985151699,D0459,h459
Cindy Gonzalez,Pathologist,8859498981,D0460,h460
Christy Ochoa,Dermatologist,6057434247,D0461,h461
Gabriel Livingston,Psychiatrist,6323677443,D0462,h462
Mackenzie Phillips,General Surgeon,7617509251,D0463,h463
Gabriel Lane,Hematologist,9198612630,D0464,h464
Whitney Chavez,Orthopedic,6399015195,D0465,h465
Tara Tucker,Pulmonologist,6843671812,D0466,h466
Dustin Alvarez,Oncologist,8927675860,D0467,h467
Jessica Conway,Radiologist,6845333609,D0468,h468
Heidi Wood,Infectious Disease Specialist,8352070235,D0469,h469
David Gordon,Dentist,8096250085,D0470,h470
Jonathan Thomas,Neurologist,6125039837,D0471,h471
Lori Diaz,Hematologist,9291981591,D0472,h472
Martin Dominguez,Neurologist,7403381811,D0473,h473
Adam Roberts,Plastic Surgeon,9524869805,D0474,h474
Nancy Beck,Rheumatologist,6242071912,D0475,h475
Christy Hughes,Dentist,6973025672,D0476,h476
Charles Hernandez,Plastic Surgeon,8912579027,D0477,h477
Hannah Clay,Pathologist,8979835972,D0478,h478
Steven Dixon,Anesthesiologist,6164068839,D0479,h479
Monica Thomas,Gynecologist,8184764198,D0480,h480
Alexander Moore,ENT Specialist,6258356833,D0481,h481
Curtis Mckinney,Neurologist,9996904047,D0482,h482
Stephanie Shepard,Endocrinologist,6420958536,D0483,h483
Russell Soto,Anesthesiologist,9094976143,D0484,h484
Charles Cardenas,Infectious Disease Specialist,7053755404,D0485,h485
Brandon Montoya,Plastic Surgeon,8410663154,D0486,h486
Andrew Bishop,Infectious Disease Specialist,6790428711,D0487,h487
Daniel Sanders,Nephrologist,6111195716,D0488,h488
Jeremiah Nunez,Family Physician,9994896808,D0489,h489
Carolyn Peters,ENT Specialist,7580288953,D0490,h490
Paul Ruiz,Family Physician,6158146077,D0491,h491
Robert Palmer,Anesthesiologist,8732543677,D0492,h492
Lisa Grimes,General Surgeon,8109391024,D0493,h493
Ronald Russell,Endocrinologist,7443211101,D0494,h494
Tracey Smith,ENT Specialist,8148299600,D0495,h495
Mark Baker,Anesthesiologist,8844103334,D0496,h496
Austin Perry,Oncologist,9547043209,D0497,h497
Dr. Mackenzie Bell,Anesthesiologist,9354793677,D0498,h498
Kimberly Calhoun,Gastroenterologist,9320980522,D0499,h499
Timothy Aguilar,Cardiologist,8355469433,D0500,h500
Cynthia Stanton MD,Gastroenterologist,9156248219,D0501,h501
Craig Delgado,ENT Specialist,7302969698,D0502,h502
Courtney Parsons,Oncologist,8956469911,D0503,h503
Sandra Barker,Dermatologist,7225118939,D0504,h504
Michael Hogan,ENT Specialist,9745675647,D0505,h505
Toni Perry MD,Cardiologist,7738209409,D0506,h506
William Bailey,Gastroenterologist,9080796253,D0507,h507
Tiffany Ortega,Plastic Surgeon,6421888278,D0508,h508
Willie Lowery,Neurologist,7919326207,D0509,h509
Jaime Allen,Oncologist,7179675351,D0510,h510
Becky Jones,Hematologist,6710342535,D0511,h511
Tiffany Frank,Rheumatologist,7185019508,D0512,h512
Joe Mora,Orthopedic,8770433759,D0513,h513
Teresa Tucker,Dermatologist,9823344531,D0514,h514
Ruben Cross,Gastroenterologist,7359276265,D0515,h515
Timothy Choi,Ophthalmologist,9765856999,D0516,h516
Robert Lester,Plastic Surgeon,9913272441,D0517,h517
Sandra Bender,Gynecologist,9563931997,D0518,h518
Martin Smith,Pathologist,7781030347,D0519,h519
Martha Johnson,Endocrinologist,8578660513,D0520,h520
Mercedes Harris,Cardiologist,6871661234,D0521,h521
Gregory Chung,Hematologist,9357186277,D0522,h522
James Young,Cardiologist,9496469138,D0523,h523
Carla Combs,Anesthesiologist,7076538978,D0524,h524
Peter Martinez,Plastic Surgeon,9229936931,D0525,h525
Christopher Spears,Infectious Disease Specialist,7320835350,D0526,h526
Carrie Howell,Psychiatrist,8525972091,D0527,h527
Tina Ray,Oncologist,6352587575,D0528,h528
Debbie Jones,General Surgeon,9542016426,D0529,h529
Anthony Ortiz,Pulmonologist,6183942518,D0530,h530
Jason Stewart,Rheumatologist,6986357529,D0531,h531
Derek Dorsey,Pathologist,9379898059,D0532,h532
William Carter,Orthopedic,7722829924,D0533,h533
Angel Jones,Anesthesiologist,6592828600,D0534,h534
Christopher Fowler,Cardiologist,9656203453,D0535,h535
Stephanie Herrera,Neurologist,9881006390,D0536,h536
Scott Herring,Radiologist,6284953675,D0537,h537
Angela Cook,Endocrinologist,9073674271,D0538,h538
Michael Davis,Pediatrician,7757662038,D0539,h539
Thomas Hunt,Dentist,9059196906,D0540,h540
Dylan Hale,Oncologist,8335415970,D0541,h541
Bradley Holt,Dermatologist,8171287241,D0542,h542
Sandra Powers,Radiologist,8376182459,D0543,h543
Evan Campbell,Plastic Surgeon,7784985237,D0544,h544
Sylvia Villarreal,Pulmonologist,9930894163,D0545,h545
Matthew Hopkins,Neurologist,6595003984,D0546,h546
Joseph Miller,Anesthesiologist,9081090873,D0547,h547
Charles Palmer,Neurologist,6378098705,D0548,h548
Michael Walters,Dermatologist,7043932262,D0549,h549
Scott Smith,Psychiatrist,9431174040,D0550,h550
Nicole Jensen,Radiologist,6505249582,D0551,h551
Brent Dickerson,Pulmonologist,8653723613,D0552,h552
Nicole Young,Hematologist,9267677335,D0553,h553
Jared Kemp,Plastic Surgeon,7968978839,D0554,h554
Dennis Gilbert,Pulmonologist,8415997624,D0555,h555
William Mcguire,Dentist,6226224489,D0556,h556
Jesus Wagner,Plastic Surgeon,6669494942,D0557,h557
Jose Cooley,Dermatologist,8410213326,D0558,h558
Andrew Clark,General Surgeon,7537056207,D0559,h559
Evelyn Patterson,Gynecologist,8506378051,D0560,h560
Maria Estes,Oncologist,7686109260,D0561,h561
Mrs. Linda Miles,Radiologist,9193684185,D0562,h562
Catherine Wiley,Gynecologist,7461234305,D0563,h563
Olivia Nichols,Dermatologist,7904084920,D0564,h564
Christie Vargas,Plastic Surgeon,6666386721,D0565,h565
Nathaniel Jacobson,Anesthesiologist,7639747279,D0566,h566
Kayla Clark,Pediatrician,6287016557,D0567,h567
Jessica Jackson,Infectious Disease Specialist,7378595990,D0568,h568
Lynn Benson,Cardiologist,8251941680,D0569,h569
Michael Dodson MD,Endocrinologist,7965432750,D0570,h570
David Nunez,Family Physician,6156841068,D0571,h571
Lindsay Pierce,Endocrinologist,8991229216,D0572,h572
Dr. Jeffrey Barnes Jr.,Psychiatrist,9801661776,D0573,h573
Kristie Roberts,Plastic Surgeon,7987938692,D0574,h574
Allison Harper,Nephrologist,8650093350,D0575,h575
Heather Howard,Pediatrician,7769849617,D0576,h576
Vickie King,Ophthalmologist,8248497358,D0577,h577
Christopher Yoder,Infectious Disease Specialist,7352254241,D0578,h578
Matthew Nelson,Urologist,7830630827,D0579,h579
Martin Lynch,Pulmonologist,6660990758,D0580,h580
David Hall,ENT Specialist,6913078672,D0581,h581
Benjamin Tyler,Gastroenterologist,6718287865,D0582,h582
Tyler Adams DDS,Ophthalmologist,6471505935,D0583,h583
William White,Infectious Disease Specialist,7857147798,D0584,h584
Amanda Webb,Radiologist,8198068469,D0585,h585
Travis Holmes,Gynecologist,8931546927,D0586,h586
Amy Small,Gynecologist,9082791703,D0587,h587
Katherine Gutierrez,Gynecologist,6745945613,D0588,h588
Susan Hess,Oncologist,6871312732,D0589,h589
Kristen Thornton,Infectious Disease Specialist,6185877738,D0590,h590
Jerry Fisher,Rheumatologist,9237764508,D0591,h591
Elizabeth Miller,Pathologist,9527547908,D0592,h592
Reginald Grimes,Anesthesiologist,6921659784,D0593,h593
Steven Smith,General Surgeon,8426618501,D0594,h594
Katelyn Davis,Pathologist,9232034393,D0595,h595
Matthew Jones,Endocrinologist,7736190675,D0596,h596
Diana Tran,Plastic Surgeon,9637460995,D0597,h597
Kevin Kelley,Pathologist,8592066278,D0598,h598
Anthony Green,Infectious Disease Specialist,8595128373,D0599,h599
Jordan Porter,Dermatologist,9879846444,D0600,h600
James Thompson,Anesthesiologist,7560796125,D0601,h601
Andrea King,Cardiologist,6144929287,D0602,h602
Lucas Torres,Dermatologist,7084327233,D0603,h603
Sarah Garcia,Radiologist,9548254437,D0604,h604
Amanda Alvarado,Oncologist,8539339533,D0605,h605
Samantha Preston,ENT Specialist,7275464000,D0606,h606
David Maxwell,Hematologist,6654353147,D0607,h607
Kevin Butler,ENT Specialist,9831376877,D0608,h608
Shannon Sanchez,Orthopedic,8196224684,D0609,h609
Shelly Bright,Oncologist,9987566239,D0610,h610
Stephanie Wilcox,Pulmonologist,7284807741,D0611,h611
Amy Diaz,Ophthalmologist,6642084334,D0612,h612
Stacey Nguyen,Neurologist,7173772979,D0613,h613
Peter Wright,Ophthalmologist,6673396934,D0614,h614
Eric Shaw,Neurologist,7930385816,D0615,h615
Susan Gaines,Anesthesiologist,8081419404,D0616,h616
Collin Green,Cardiologist,9069193045,D0617,h617
Richard Harris,Infectious Disease Specialist,7368254015,D0618,h618
Charles Fernandez,Oncologist,6800374619,D0619,h619
Kyle Williams MD,Infectious Disease Specialist,9369208254,D0620,h620
Susan Rios DDS,Plastic Surgeon,6201505587,D0621,h621
Sarah Ibarra,Orthopedic,8282090665,D0622,h622
Jonathan Burns MD,Oncologist,7809097102,D0623,h623
Jennifer Miller,General Surgeon,7526157649,D0624,h624
Zachary Scott,Endocrinologist,8777428420,D0625,h625
Dennis Robbins,Plastic Surgeon,9338054084,D0626,h626
Sean Rodgers,Pathologist,9055713118,D0627,h627
Nathan Payne,ENT Specialist,9387410156,D0628,h628
Kristina Gray,Dermatologist,8191052026,D0629,h629
Regina Bryant,Psychiatrist,6732384546,D0630,h630
Karen Donovan,Hematologist,7644257837,D0631,h631
Amber Lopez,Radiologist,9697958056,D0632,h632
Vernon Diaz,Plastic Surgeon,9836826623,D0633,h633
Luke Nunez,Hematologist,7419169103,D0634,h634
Mary Williams,Dermatologist,7388591819,D0635,h635
Gina Richards,Infectious Disease Specialist,9967581324,D0636,h636
Julie West,Endocrinologist,8520452062,D0637,h637
Greg Scott,Ophthalmologist,9592235965,D0638,h638
Tracy Serrano,Rheumatologist,6112792247,D0639,h639
Rhonda Gilbert,General Surgeon,7003542731,D0640,h640
Penny Bryant,Anesthesiologist,6928448498,D0641,h641
Edward Webster,Pediatrician,8576842225,D0642,h642
Brandon Flores,Pulmonologist,8696472383,D0643,h643
Courtney Crane,Pathologist,8262416953,D0644,h644
Eric Wallace,Pediatrician,6228719317,D0645,h645
Nicole Norton,Cardiologist,6240622330,D0646,h646
Angela Cunningham,Gynecologist,6549011940,D0647,h647
Jessica Morgan,Gynecologist,9876053987,D0648,h648
Shari Foster,Pulmonologist,6723160505,D0649,h649
Danielle Collins,Plastic Surgeon,7070920294,D0650,h650
Beth Mckenzie,ENT Specialist,7187660310,D0651,h651
Evan Johnson,Anesthesiologist,7910170233,D0652,h652
Wendy Rivera,Family Physician,7694246361,D0653,h653
Cindy Maxwell,Endocrinologist,9948602073,D0654,h654
Crystal Hays,Pediatrician,8130366896,D0655,h655
Jay Barr,Anesthesiologist,8552559817,D0656,h656
Lisa Long,Endocrinologist,7017503945,D0657,h657
Brianna Kelly,Endocrinologist,7896429567,D0658,h658
David Hanson,Orthopedic,7724143103,D0659,h659
David Stevens,Family Physician,6178963368,D0660,h660
Richard Ayala,Family Physician,7711533368,D0661,h661
Nathan Adams,Psychiatrist,6960926695,D0662,h662
Jennifer Munoz,Hematologist,9382163020,D0663,h663
Beth Brown,Gynecologist,8344559159,D0664,h664
Karen Jones,Nephrologist,8653740406,D0665,h665
Seth Burnett,Psychiatrist,7127680413,D0666,h666
Kevin Johnson,Dermatologist,8600043344,D0667,h667
Julie Garza,Nephrologist,6975896550,D0668,h668
Brian Mack,Gastroenterologist,9856070487,D0669,h669
Jennifer Johnson,Gastroenterologist,6076816602,D0670,h670
Joseph Barnes,Pulmonologist,6555620161,D0671,h671
Daryl Cross,Plastic Surgeon,9518644283,D0672,h672
Jonathan Edwards,Family Physician,7605748674,D0673,h673
Adam Hardy,Gastroenterologist,8590304321,D0674,h674
Robert Ashley,Ophthalmologist,9382082614,D0675,h675
Mary Vaughn,Pediatrician,9262372046,D0676,h676
Steven Simmons,Dermatologist,8042171432,D0677,h677
Mrs. Jessica Martinez,Gastroenterologist,6800548470,D0678,h678
Erin Arias,Gynecologist,9230400417,D0679,h679
Daniel Golden,Nephrologist,8372128077,D0680,h680
Anthony Malone,Pathologist,8788550416,D0681,h681
Charlotte Reyes MD,General Surgeon,6895713166,D0682,h682
Miguel Green,ENT Specialist,7286378740,D0683,h683
Frederick White,Family Physician,6518741283,D0684,h684
Lisa Ruiz,Nephrologist,8732600321,D0685,h685
Cody Rice,Hematologist,8816288667,D0686,h686
April Foster,Ophthalmologist,6212556150,D0687,h687
Justin Russell,Family Physician,9750900425,D0688,h688
Daniel Thomas,Plastic Surgeon,7832794295,D0689,h689
Emily Williamson,Urologist,9319091940,D0690,h690
Veronica Christian,Anesthesiologist,9948787255,D0691,h691
Monica Odonnell,Gastroenterologist,7397266955,D0692,h692
Cody Berger,Neurologist,8121188315,D0693,h693
Jeffrey White,Pulmonologist,9301190052,D0694,h694
Stacey Burgess,Rheumatologist,8166136252,D0695,h695
Ethan Spencer,Family Physician,8638618714,D0696,h696
Jonathan Baker,Radiologist,9849015416,D0697,h697
Tonya Burton,Cardiologist,6088500965,D0698,h698
Phillip Campos,Neurologist,7971821960,D0699,h699
Billy Rodgers,Infectious Disease Specialist,9663733525,D0700,h700
Sherri Campbell,Family Physician,8785662940,D0701,h701
Alex Neal,Cardiologist,8544570503,D0702,h702
Mark Martin,Anesthesiologist,7066319153,D0703,h703
James Smith,Cardiologist,7438546292,D0704,h704
Amber Walker,Plastic Surgeon,7430999289,D0705,h705
Laura Pena,Oncologist,6066214927,D0706,h706
Tracy Wilson,Cardiologist,8190568606,D0707,h707
Michelle Cox,Rheumatologist,6948197813,D0708,h708
Marie Reed,General Surgeon,6791271469,D0709,h709
Philip Vaughn,Anesthesiologist,6450599647,D0710,h710
Kyle Montes,Dentist,8100402785,D0711,h711
Mr. Ronald Hoover,Endocrinologist,8298898022,D0712,h712
Daniel Hurley,Infectious Disease Specialist,9963858930,D0713,h713
Nicole Young,Orthopedic,8264937118,D0714,h714
Christopher Mills,Pathologist,9621109251,D0715,h715
Richard Webster,Urologist,8425812810,D0716,h716
David Soto,Urologist,7722520413,D0717,h717
Michael Paul,Anesthesiologist,9020809670,D0718,h718
Robert Gregory,General Surgeon,6563438338,D0719,h719
Ashley Lane,General Surgeon,9466209184,D0720,h720
Jennifer Brown,Infectious Disease Specialist,6528572587,D0721,h721
Kristen Aguirre,Family Physician,6848663598,D0722,h722
Kathryn Trevino,Pediatrician,7122569046,D0723,h723
Amanda Ramos,Nephrologist,6677764385,D0724,h724
Mr. William Decker,Hematologist,8730276040,D0725,h725
Michael Grant,Neurologist,7504001696,D0726,h726
Megan Jones,Pulmonologist,7810935098,D0727,h727
Mr. Andrew Hall Jr.,Family Physician,9158495707,D0728,h728
Joseph Hernandez,Dermatologist,8695726019,D0729,h729
Bryan Brock,Infectious Disease Specialist,6569298768,D0730,h730
Austin Henderson,Pathologist,7981487382,D0731,h731
Jessica Bruce MD,Plastic Surgeon,8039012475,D0732,h732
Kenneth Green,Gynecologist,8594960353,D0733,h733
Shelley Garcia,Plastic Surgeon,8527027589,D0734,h734
Justin Douglas,Cardiologist,7142607479,D0735,h735
William Faulkner,Urologist,8269291310,D0736,h736
Stephanie Davis,Dentist,8422478384,D0737,h737
Ronald Parker,Psychiatrist,6993936112,D0738,h738
Kevin Tucker,ENT Specialist,8785515215,D0739,h739
Katrina Allen,ENT Specialist,9430629475,D0740,h740
Alicia Lopez,Psychiatrist,7331817324,D0741,h741
Stephen Lopez,Dentist,8901029227,D0742,h742
Alexandra Sims,Rheumatologist,6852519359,D0743,h743
Andrea Lee,Dentist,7358652071,D0744,h744
Olivia Anderson,Family Physician,9938890843,D0745,h745
Michelle Barnett,Pediatrician,7951894859,D0746,h746
Johnathan Mcmahon,Radiologist,9295121694,D0747,h747
Deborah Lawson,Radiologist,6698868055,D0748,h748
Diana Boyd,Endocrinologist,6789086000,D0749,h749
Crystal Ritter,Pediatrician,9385254769,D0750,h750
Carla Mcneil,Psychiatrist,9416456101,D0751,h751
Peggy Nunez,Endocrinologist,9424091037,D0752,h752
Kenneth White,Hematologist,6769850186,D0753,h753
Leonard Alvarez,Pulmonologist,9904935461,D0754,h754
Henry Rogers,Family Physician,6371814283,D0755,h755
George Smith,Infectious Disease Specialist,7768842171,D0756,h756
Anthony Anderson,ENT Specialist,8309262297,D0757,h757
Meghan Bailey,Cardiologist,8863659890,D0758,h758
Jason Phillips,Oncologist,7577924876,D0759,h759
Bailey Ibarra,Plastic Surgeon,6691483873,D0760,h760
Kelsey Simpson,Pediatrician,9952480139,D0761,h761
Sarah Guerra,Ophthalmologist,6884075801,D0762,h762
Tony Matthews,Infectious Disease Specialist,8211603201,D0763,h763
David Gonzalez,Nephrologist,6951129049,D0764,h764
Michael Villanueva,Dermatologist,9750256390,D0765,h765
Alan Cain,Anesthesiologist,9382178649,D0766,h766
Melissa Turner,ENT Specialist,7054517256,D0767,h767
Alexander Robles,Gastroenterologist,9908405683,D0768,h768
Joseph Carr,Gastroenterologist,7387850937,D0769,h769
David Poole,Cardiologist,7290221407,D0770,h770
Cynthia Thomas,Gastroenterologist,7261425899,D0771,h771
Rebecca Reed,Cardiologist,6986347272,D0772,h772
Steven Boyle,Rheumatologist,9557302085,D0773,h773
Bryan Wu,Family Physician,6499485014,D0774,h774
James Quinn,Cardiologist,6631221312,D0775,h775
Ryan Rich,Anesthesiologist,8015102569,D0776,h776
James Robinson,Anesthesiologist,9453639670,D0777,h777
Edwin Sparks,Dermatologist,6891831122,D0778,h778
Tyler Parsons,Gynecologist,8621568406,D0779,h779
Kirk Rich II,Cardiologist,6173364592,D0780,h780
Andrew Neal,Pediatrician,7152980040,D0781,h781
Susan Silva,Rheumatologist,7272364327,D0782,h782
Lynn York,General Surgeon,6987413802,D0783,h783
Ellen Bush,General Surgeon,6308237829,D0784,h784
Anthony Smith,Anesthesiologist,6810427070,D0785,h785
Mary Schwartz,Pathologist,6557733592,D0786,h786
Victoria Osborne,ENT Specialist,8718562704,D0787,h787
Regina Glass,Nephrologist,6652413894,D0788,h788
Craig Ray,ENT Specialist,9175462159,D0789,h789
Carlos Steele,Pathologist,7936302294,D0790,h790
Michael Pugh,Neurologist,6984674973,D0791,h791
Mark Mccarthy,Radiologist,6468347105,D0792,h792
Shane Green,Radiologist,8830688064,D0793,h793
Hayley Payne,Psychiatrist,6353452235,D0794,h794
Christopher Sharp,Neurologist,9387497139,D0795,h795
Joseph Chandler,Pediatrician,6338073432,D0796,h796
Brandi Elliott,Pulmonologist,6936170156,D0797,h797
Brian Fox,Dentist,9186200756,D0798,h798
Paul Coleman,Urologist,6083716057,D0799,h799
Kelly Thompson,Hematologist,7163833106,D0800,h800
Corey Perez,Dermatologist,7516001487,D0801,h801
Blake Phillips,Hematologist,7467549709,D0802,h802
Nicole Phelps,Anesthesiologist,8574060731,D0803,h803
Lorraine Powers,Rheumatologist,7586787966,D0804,h804
Michael Colon,Endocrinologist,9864688958,D0805,h805
Taylor Sullivan,Oncologist,6070628420,D0806,h806
Natalie Howell,General Surgeon,6506519521,D0807,h807
Lonnie Duncan,Hematologist,8581853191,D0808,h808
Bruce Rivera,Cardiologist,9691121689,D0809,h809
Jordan Shannon,Gynecologist,8391394842,D0810,h810
Cindy Jones,Infectious Disease Specialist,6101704974,D0811,h811
Reginald Mckinney,Dermatologist,9110079954,D0812,h812
Tiffany Hunt,Oncologist,9357410399,D0813,h813
Frank Pierce,Hematologist,6850929586,D0814,h814
Olivia White,Pediatrician,8551647072,D0815,h815
Laura Hill,Hematologist,9941614503,D0816,h816
Angela Rogers,Dermatologist,6367235706,D0817,h817
James Smith,Urologist,6895164569,D0818,h818
Brian Cooper,Neurologist,6226949451,D0819,h819
Jonathan Jimenez,Gastroenterologist,7050140653,D0820,h820
Ashley Bishop,Gastroenterologist,6020777836,D0821,h821
Charles Harris,Nephrologist,7870301165,D0822,h822
Brandon Richardson,Cardiologist,9679467253,D0823,h823
Shane Wong,ENT Specialist,8687164630,D0824,h824
Michael Oliver,ENT Specialist,6388447252,D0825,h825
John Cooper,Endocrinologist,8051930977,D0826,h826
Daniel Freeman,Pediatrician,6011490786,D0827,h827
Adriana Gould,General Surgeon,7960710580,D0828,h828
Amanda Hall,Rheumatologist,6940912477,D0829,h829
Michael Mcbride,Family Physician,8960234739,D0830,h830
Deborah Wise,Family Physician,8350008468,D0831,h831
Ronald Edwards,Pulmonologist,8543590576,D0832,h832
Raymond Bowen,Radiologist,6831169462,D0833,h833
Jill Bailey,Family Physician,8023734705,D0834,h834
Jennifer Pope,Pediatrician,7610733009,D0835,h835
Taylor Craig,Plastic Surgeon,7322657091,D0836,h836
Kristy Waters,Anesthesiologist,8722134249,D0837,h837
Elizabeth Blevins,Gastroenterologist,9285043791,D0838,h838
Janice Jones,Plastic Surgeon,6576105357,D0839,h839
Joann Anderson,General Surgeon,9056664536,D0840,h840
Christine Mejia,Rheumatologist,9103465341,D0841,h841
Pamela Reed,Dermatologist,7953737746,D0842,h842
William Holmes,Family Physician,8840671157,D0843,h843
Heather Bowman,Anesthesiologist,8720783160,D0844,h844
Brittany Burns,Radiologist,8186477212,D0845,h845
Amber Carpenter,Pathologist,8358833125,D0846,h846
Kimberly Castaneda,Hematologist,6264699636,D0847,h847
Jessica Vasquez,Plastic Surgeon,9009136456,D0848,h848
Joseph Robinson,Orthopedic,8379944127,D0849,h849
Travis Morales,Neurologist,6531956856,D0850,h850
Carrie Montes,Neurologist,7476020264,D0851,h851
Alexander Walters,Rheumatologist,8374674433,D0852,h852
Justin Paul,Plastic Surgeon,8507899404,D0853,h853
Curtis Fox,Dentist,9415198116,D0854,h854
Theresa Harrison,General Surgeon,9404715212,D0855,h855
Mark Maynard,Urologist,6721992219,D0856,h856
Randy Graham,Urologist,6853506117,D0857,h857
Michael Jenkins,Plastic Surgeon,8849704666,D0858,h858
Amy Johnson,General Surgeon,8238831084,D0859,h859
Timothy Wagner,Hematologist,6554425111,D0860,h860
Kara Stevens,Radiologist,9555903020,D0861,h861
David Keller,Family Physician,8039374996,D0862,h862
Emily Sanders,Pulmonologist,8129891275,D0863,h863
Chris Green,Endocrinologist,8597240483,D0864,h864
Kurt Hamilton,Gynecologist,7283878684,D0865,h865
Richard Jones,Urologist,8676514819,D0866,h866
Brian Herrera,Rheumatologist,9696860281,D0867,h867
Robert Perkins,Gastroenterologist,9767828681,D0868,h868
Peter Nunez,Pathologist,8760189324,D0869,h869
Diane Richardson,ENT Specialist,8915102989,D0870,h870
Julia Monroe,Hematologist,8099870730,D0871,h871
Michael Palmer,Gynecologist,7900539101,D0872,h872
Hector King,Pathologist,6576352147,D0873,h873
Michael Webster,Ophthalmologist,6708254683,D0874,h874
Christy Maxwell,Pediatrician,9201772957,D0875,h875
Jorge Armstrong,Ophthalmologist,8618313121,D0876,h876
Alexander Patterson,Oncologist,7289345988,D0877,h877
Richard Rodgers,Radiologist,9600488055,D0878,h878
Jasmine King,Gastroenterologist,8843841301,D0879,h879
Nancy Sutton,Psychiatrist,9734404887,D0880,h880
Brittany Anderson,Oncologist,6982010824,D0881,h881
Heather Long,Pulmonologist,6029780213,D0882,h882
Amy Hawkins,Oncologist,7079115744,D0883,h883
Victor Fowler,Endocrinologist,7995290428,D0884,h884
Sharon Hall,Ophthalmologist,7132332064,D0885,h885
Jeffrey Arellano,Orthopedic,8540604220,D0886,h886
Mary Johnson,Gastroenterologist,7011519861,D0887,h887
Kimberly Key,ENT Specialist,7995161863,D0888,h888
Tara Lopez,Dentist,9755913958,D0889,h889
Angela Lara,Dentist,8271136194,D0890,h890
Laurie Brewer,Urologist,8943966445,D0891,h891
Margaret Hensley DVM,Anesthesiologist,7538904037,D0892,h892
Adam Bowers,Dermatologist,9137795473,D0893,h893
Renee Odom,Rheumatologist,9235100791,D0894,h894
Amanda Morris,ENT Specialist,8868712206,D0895,h895
Gregory Oneill,Psychiatrist,6958060521,D0896,h896
Erika Smith,Endocrinologist,8871250727,D0897,h897
Michelle Harmon,Dermatologist,9763892291,D0898,h898
Shane Russell,Neurologist,6478399244,D0899,h899
Rhonda Miller,Dentist,8442441167,D0900,h900
Aaron Turner,Urologist,7439744198,D0901,h901
Angela Anderson,Anesthesiologist,7509924018,D0902,h902
Caitlin Jackson,Anesthesiologist,9193215696,D0903,h903
Jeremy Stout,Pathologist,8546327212,D0904,h904
Michele Warren,Infectious Disease Specialist,8789281475,D0905,h905
Eric English,ENT Specialist,7526492468,D0906,h906
Shirley Armstrong,Anesthesiologist,9583752729,D0907,h907
Mary Miller,Pediatrician,6636050905,D0908,h908
Steve Anderson,Ophthalmologist,6659166580,D0909,h909
Candice Harris,Plastic Surgeon,6249868700,D0910,h910
Rhonda Lucas,Anesthesiologist,9693947781,D0911,h911
Cody Mcintyre,Gynecologist,9721137973,D0912,h912
Scott Adams DDS,Pediatrician,7879610321,D0913,h913
Jason Dixon,Endocrinologist,8493297884,D0914,h914
Larry Williams,Dentist,8930075326,D0915,h915
Candice Gray,Radiologist,6134361842,D0916,h916
Michael Richardson,Endocrinologist,6242691152,D0917,h917
Megan Allen,Rheumatologist,9161397891,D0918,h918
Jonathan Crawford,Gastroenterologist,6563083065,D0919,h919
Benjamin Cruz,Endocrinologist,9411379708,D0920,h920
Tracy Marks,Gynecologist,6394338520,D0921,h921
Nathan Benjamin,Orthopedic,7029175206,D0922,h922
Sara Cole,Rheumatologist,9835762832,D0923,h923
Sara Warner,Anesthesiologist,8331552646,D0924,h924
Stanley Moreno,Infectious Disease Specialist,9308365149,D0925,h925
Nina Smith,Neurologist,6186564734,D0926,h926
Justin Nguyen,Psychiatrist,9210420937,D0927,h927
Michele Ramos,Family Physician,8186082539,D0928,h928
James Harris,Urologist,8579953689,D0929,h929
Carla Burgess,Cardiologist,7494317436,D0930,h930
Luke York,General Surgeon,7225724703,D0931,h931
Whitney Phillips,Family Physician,7845573068,D0932,h932
Daniel Johnson,General Surgeon,6695055860,D0933,h933
Audrey Lewis,Neurologist,8677471273,D0934,h934
Donald Wagner,Psychiatrist,9670338298,D0935,h935
Lisa Fisher,Dermatologist,8450537356,D0936,h936
Amber Williams,Orthopedic,9459660129,D0937,h937
Patrick Medina,ENT Specialist,7120504719,D0938,h938
Sheri Castro,Infectious Disease Specialist,8748961858,D0939,h939
Crystal Thornton,Hematologist,9367112572,D0940,h940
Kimberly Carter,Family Physician,9013762786,D0941,h941
Frederick Arnold,Ophthalmologist,6781326594,D0942,h942
Anna Atkinson,Cardiologist,6305164007,D0943,h943
Mary Coleman,Orthopedic,6888532992,D0944,h944
Jeremy Parker,Dermatologist,9857721781,D0945,h945
Dorothy Garcia,Gastroenterologist,6839099224,D0946,h946
John Sanders,Psychiatrist,6771908793,D0947,h947
Ashlee Cooper,ENT Specialist,9992572523,D0948,h948
Nicole Vance,Psychiatrist,9509963333,D0949,h949
Karen Lynn,Infectious Disease Specialist,6593674788,D0950,h950
Rachel Lopez,Nephrologist,6889681481,D0951,h951
Samuel Williams,Gynecologist,6757831890,D0952,h952
Steven Rogers,Cardiologist,9816382670,D0953,h953
Melanie Lloyd,Rheumatologist,6833246804,D0954,h954
Bobby Mayo,Dermatologist,6665188841,D0955,h955
Fernando Hodge,Rheumatologist,7426226745,D0956,h956
Valerie Simmons,General Surgeon,8478624554,D0957,h957
Cheryl Herrera,Psychiatrist,7360081654,D0958,h958
John Rodriguez MD,Dermatologist,9878864778,D0959,h959
Ashley Jackson,Urologist,9245281647,D0960,h960
Samuel Hebert,Gastroenterologist,8810135809,D0961,h961
Ryan Garcia,Gastroenterologist,6921510236,D0962,h962
Kelli Gutierrez,Gynecologist,7771120538,D0963,h963
Kenneth Watson,Neurologist,6095941053,D0964,h964
Jo Donaldson,ENT Specialist,9729901147,D0965,h965
Ronald Patrick,Endocrinologist,7496676924,D0966,h966
Lonnie Patton,Psychiatrist,7979978200,D0967,h967
Gabrielle Hendrix,Endocrinologist,7436050754,D0968,h968
Brandy Parsons,Pathologist,9678349626,D0969,h969
Anthony Norris,Dentist,9936385542,D0970,h970
Kristina Mendez MD,Dentist,6751605287,D0971,h971
Justin Clark,Dermatologist,6983333854,D0972,h972
Charles Schmidt,Rheumatologist,6434854594,D0973,h973
Johnny Alvarado,Dentist,6960155010,D0974,h974
Patricia Kidd,Cardiologist,9681918389,D0975,h975
Christopher Fleming,Endocrinologist,8601196875,D0976,h976
Robert Higgins,Infectious Disease Specialist,6907521120,D0977,h977
Adrian Powell,Pathologist,9743259032,D0978,h978
Alexander Rivera,Gynecologist,9939248793,D0979,h979
Pam Johnson,Cardiologist,6626482193,D0980,h980
Tracy Howard,General Surgeon,8508346416,D0981,h981
Matthew Taylor,Hematologist,6089142726,D0982,h982
Sharon Harding,Dentist,6227747557,D0983,h983
Kristine Browning,Radiologist,7009880421,D0984,h984
Timothy Kim,Pediatrician,8827481653,D0985,h985
Joshua Ross,Pathologist,6452010414,D0986,h986
Linda Adams,Infectious Disease Specialist,8284374206,D0987,h987
Richard Andrews,Pathologist,8618050292,D0988,h988
Julie Warren,Dermatologist,6876682655,D0989,h989
Angela Mathis,Pulmonologist,6887994208,D0990,h990
Beth Williams,Pulmonologist,6293861559,D0991,h991
Alejandra Williams,Anesthesiologist,6893523848,D0992,h992
Jennifer Mitchell,Anesthesiologist,8561895069,D0993,h993
Bradley Hunter,Anesthesiologist,7331765818,D0994,h994
Todd Houston,Oncologist,6822891601,D0995,h995
Michael Grant,Plastic Surgeon,6900203860,D0996,h996
Debra Carpenter,Pediatrician,7930062289,D0997,h997
Amanda Johnson,Rheumatologist,8807612417,D0998,h998
Joseph Flores,Dermatologist,7234982438,D0999,h999
Kyle Gray,General Surgeon,8793572457,D1000,h1000
